<?xml version="1.0" encoding="UTF-8"?>
<!DOCTYPE suite SYSTEM "http://testng.org/testng-1.0.dtd">
<suite name="Suite">
  <test thread-count="5" name="Test">
    <classes>
     
      <class name="twitterPackage.Twitter"/>
      <class name="twitterPackage.PostTweet"/>
      <class name="twitterPackage.TwitterSearch"/>
       <class name="twitterPackage.UsernameDisplay"/>
      <class name="twitterPackage.BangaloreWeather"/>
      <class name="twitterPackage.UserTweets"/>
       <class name="twitterPackage.HashTags"/>
      <class name="twitterPackage.Block"/>
    </classes>
  </test> <!-- Test -->
</suite> <!-- Suite -->
