<?xml version="1.0" encoding="UTF-8"?>
<Configuration status="WARN">
<Properties>
<Property name="demoPath">./logs</Property>
</Properties>
<Appenders>
<RollingFile name="File" filename="${demoPath}prints.log" filePattern="${demoPath}/prints-%d{dd-MM-yyyy}.log">
<PatternLayout pattern="%d{HH:mm:ss.SSS} [%t] %-5level %loggers{36} -%msg%n"/>
<SizeBaseTriggeringPolicy size="500"/>
</RollingFile>
<Console name="Console" target="SYSTEM_OUT">
<PatternLayout pattern="%d{HH:mm:ss.SSS} [%t] %-5level %loggers{36} -%msg%n"/>
</Console>
</Appenders>
<Loggers>
<Logger name="res.Login" level="error" additivity="false">
<AppenderRef ref="File"/>

 

</Logger>
<Root level="trace">
<AppenderRef ref="File"/>
</Root>
</Loggers>
</Configuration>