<?xml version="1.0" encoding="UTF-8"?>
<!DOCTYPE suite SYSTEM "http://testng.org/testng-1.0.dtd">
<suite name="Suite">
  <test thread-count="5" name="Test">
    <classes>
      
      <class name="Maven.PHPTravels1.AppTest"/>
       <class name="Test.ValidationSignUp"/>
      <class name="Test.TestLogin"/>
       <class name="Test.TestMyAccounts"/>
       <class name="Test.TestHotelSearch"/>
      <class name="Test.TestTourSearch"/>
     
     
    </classes>
  </test> <!-- Test -->
</suite> <!-- Suite -->
